{
"xrange": [ -3.0, 3.0],
"yrange": [ -3.0, 3.0],

"params":	[0.2, 0.02, 0.40850],
"x0":	[ -0.4, 0.1189 ],

"dparams":	[0.01, 0.001, -0.001],

"eps":	0.00001,
"errors": 0.0000001,
"explosion":	100,
"period":	1,
"tick":	0.001,
"ite_max":	10,
"extrap":	2,
"variable_param": 0,
"increment_param": 2
}
