{
"xrange": [ -1.0, 1.0],
"yrange": [ -1.0, 1.0],

"params":	[0.2, 0.02, 0.4595],
"x0":	[-0.61187858,  0.20852491],

"dparams":	[0.01, 0.001, 0.00001],

"eps":	0.0000001,
"errors": 1e-12,
"explosion":	100,
"period":	1,
"tick":	0.01,
"ite_max":	30,
"extrap":	2,
"increment_param": 2
}
